{"cameraMode":{"drawMode":31,"name":"Sprite Mask","section":"Miscellaneous"},"sceneLighting":false,"audioPlay":false,"sceneViewState":{"showFog":true,"showMaterialUpdate":false,"showSkybox":false,"showFlares":true,"showImageEffects":true,"showParticleSystems":true},"in2DMode":false,"pivot":{"x":-0.7472200989723206,"y":-0.4239971935749054,"z":13.965068817138672},"rotation":{"x":-0.12180683761835098,"y":0.0029745232313871385,"z":-0.0003657134948298335,"w":-0.9925549626350403},"size":42.824222564697269,"orthographic":false}