{"cameraMode":{"drawMode":31,"name":"Sprite Mask","section":"Miscellaneous"},"sceneLighting":false,"audioPlay":false,"sceneViewState":{"showFog":true,"showMaterialUpdate":false,"showSkybox":false,"showFlares":true,"showImageEffects":true,"showParticleSystems":true},"in2DMode":false,"pivot":{"x":-16.771297454833986,"y":-0.17896561324596406,"z":-6.8956193923950199},"rotation":{"x":-0.014823073521256447,"y":-0.973166823387146,"z":0.22000658512115479,"w":-0.06736419349908829},"size":22.758167266845704,"orthographic":false}