{"cameraMode":{"drawMode":0,"name":"Shaded","section":"Shading Mode"},"sceneLighting":false,"audioPlay":false,"sceneViewState":{"showFog":true,"showMaterialUpdate":false,"showSkybox":false,"showFlares":true,"showImageEffects":true,"showParticleSystems":true},"in2DMode":false,"pivot":{"x":0.045910030603408816,"y":-3.686805486679077,"z":7.941098690032959},"rotation":{"x":-0.18525902926921845,"y":-0.0025460575707256796,"z":0.0009505743510089815,"w":-0.9828426837921143},"size":22.0,"orthographic":false}