{"cameraMode":{"drawMode":31,"name":"Sprite Mask","section":"Miscellaneous"},"sceneLighting":false,"audioPlay":false,"sceneViewState":{"showFog":true,"showMaterialUpdate":false,"showSkybox":false,"showFlares":true,"showImageEffects":true,"showParticleSystems":true},"in2DMode":false,"pivot":{"x":-0.46934694051742556,"y":-3.9934329986572267,"z":27.583707809448243},"rotation":{"x":-0.10005750507116318,"y":0.0048460145480930809,"z":-0.00000993965113593731,"w":-0.9951270222663879},"size":38.128597259521487,"orthographic":false}