{"cameraMode":{"drawMode":0,"name":"Shaded","section":"Shading Mode"},"sceneLighting":true,"audioPlay":false,"sceneViewState":{"showFog":true,"showMaterialUpdate":false,"showSkybox":false,"showFlares":true,"showImageEffects":true,"showParticleSystems":true},"in2DMode":false,"pivot":{"x":-35.00110626220703,"y":-147.48524475097657,"z":886.6748046875},"rotation":{"x":-0.09261450171470642,"y":0.010939477942883969,"z":0.0003643786767497659,"w":-0.9959481358528137},"size":999.7050170898438,"orthographic":false}