{"cameraMode":{"drawMode":0,"name":"Shaded","section":"Shading Mode"},"sceneLighting":false,"audioPlay":false,"sceneViewState":{"showFog":true,"showMaterialUpdate":false,"showSkybox":false,"showFlares":true,"showImageEffects":true,"showParticleSystems":true},"in2DMode":false,"pivot":{"x":0.20501106977462769,"y":-0.6416571736335754,"z":9.013867378234864},"rotation":{"x":-0.149462029337883,"y":0.010462436825037003,"z":-0.0011841458035632969,"w":-0.9888455867767334},"size":12.977877616882325,"orthographic":false}