{"cameraMode":{"drawMode":31,"name":"Sprite Mask","section":"Miscellaneous"},"sceneLighting":false,"audioPlay":false,"sceneViewState":{"showFog":true,"showMaterialUpdate":false,"showSkybox":false,"showFlares":true,"showImageEffects":true,"showParticleSystems":true},"in2DMode":false,"pivot":{"x":1.4350138902664185,"y":-4.098336219787598,"z":-18.068662643432618},"rotation":{"x":-0.008975650183856488,"y":-0.9670742750167847,"z":0.25241008400917055,"w":-0.03422527760267258},"size":29.938961029052736,"orthographic":false}