{"cameraMode":{"drawMode":0,"name":"Shaded","section":"Shading Mode"},"sceneLighting":true,"audioPlay":false,"sceneViewState":{"showFog":true,"showMaterialUpdate":false,"showSkybox":false,"showFlares":true,"showImageEffects":true,"showParticleSystems":true},"in2DMode":false,"pivot":{"x":-17.826534271240236,"y":-530.1906127929688,"z":976.47021484375},"rotation":{"x":0.25782471895217898,"y":-0.008053709752857685,"z":0.0014271006220951677,"w":0.9664052128791809},"size":1199.7816162109375,"orthographic":false}