{"cameraMode":{"drawMode":31,"name":"Sprite Mask","section":"Miscellaneous"},"sceneLighting":false,"audioPlay":false,"sceneViewState":{"showFog":true,"showMaterialUpdate":false,"showSkybox":false,"showFlares":true,"showImageEffects":true,"showParticleSystems":true},"in2DMode":false,"pivot":{"x":3.5496644973754885,"y":3.0059518814086916,"z":-12.70390796661377},"rotation":{"x":-0.034382954239845279,"y":-0.964704692363739,"z":0.20146721601486207,"w":-0.1666981726884842},"size":13.018123626708985,"orthographic":false}