{"cameraMode":{"drawMode":0,"name":"Shaded","section":"Shading Mode"},"sceneLighting":true,"audioPlay":false,"sceneViewState":{"showFog":true,"showMaterialUpdate":false,"showSkybox":false,"showFlares":true,"showImageEffects":true,"showParticleSystems":true},"in2DMode":false,"pivot":{"x":-9.947755813598633,"y":16.699125289916993,"z":-8.956113815307618},"rotation":{"x":-0.05113287270069122,"y":-0.7170395851135254,"z":-0.05522337928414345,"w":0.6934210658073425},"size":35.63148498535156,"orthographic":false}