{"cameraMode":{"drawMode":0,"name":"Shaded","section":"Shading Mode"},"sceneLighting":true,"audioPlay":false,"sceneViewState":{"showFog":true,"showMaterialUpdate":false,"showSkybox":false,"showFlares":true,"showImageEffects":true,"showParticleSystems":true},"in2DMode":false,"pivot":{"x":22.893373489379884,"y":-58.775447845458987,"z":52.31468200683594},"rotation":{"x":0.34512338042259219,"y":0.2545526325702667,"z":-0.0981229841709137,"w":0.8982492685317993},"size":128.66322326660157,"orthographic":false}