{"cameraMode":{"drawMode":0,"name":"Shaded","section":"Shading Mode"},"sceneLighting":true,"audioPlay":false,"sceneViewState":{"showFog":true,"showMaterialUpdate":false,"showSkybox":false,"showFlares":true,"showImageEffects":true,"showParticleSystems":true},"in2DMode":false,"pivot":{"x":-1.480224370956421,"y":-82.13567352294922,"z":111.43509674072266},"rotation":{"x":0.32383087277412417,"y":-0.0049845571629703049,"z":0.0013323097955435515,"w":0.9463157057762146},"size":167.45614624023438,"orthographic":false}